{
    "endorsements": {
        "musk": 0.050114457564542754,
        "elon": 0.04790278863720778,
        "vote": 0.0396810836357475,
        "endorsed": 0.03433391362371617,
        "endorses": 0.034217938678836254,
        "tariffs": 0.031140208586819526,
        "nfl": 0.02881239407243928,
        "post": 0.025453150426458977,
        "naomi": 0.02392680913837841,
        "wolf": 0.02392680913837841
    },
    "statements": {
        "garbage": 0.03801365208815398,
        "president": 0.032730793637530974,
        "allies": 0.02744388641075467,
        "says": 0.027427736354122816,
        "fraud": 0.02548082493951469,
        "biden": 0.02361762786701184,
        "campaign": 0.02306451237339046,
        "rally": 0.022237847193818785,
        "news": 0.020879465173515372,
        "cheney": 0.019946834335202827
    },
    "polls": {
        "polls": 0.07649859288559267,
        "harris": 0.056737302842197274,
        "race": 0.04268079503858633,
        "leads": 0.03916882098632543,
        "latest": 0.03530463971839627,
        "pennsylvania": 0.035282306206295494,
        "poll": 0.03504393594069521,
        "election": 0.03498541180717539,
        "survey": 0.034290699290608934,
        "michigan": 0.033751172858120786
    },
    "policy": {
        "bitcoin": 0.03656641801961065,
        "health": 0.033544498165408276,
        "stocks": 0.031915204676243376,
        "immigration": 0.0318443370350438,
        "plan": 0.029711559913014482,
        "harris": 0.02817180838575056,
        "wins": 0.02815490793668967,
        "tax": 0.02750768959076642,
        "stances": 0.027158390687811774,
        "america": 0.024925486781261226
    },
    "campaign": {
        "rally": 0.04897784572873643,
        "watch": 0.040298703594607514,
        "holds": 0.038754715996239364,
        "live": 0.035309623104542574,
        "president": 0.03316574203672878,
        "campaign": 0.03130025577088399,
        "rogan": 0.0270704575251597,
        "donald": 0.02530046537440728,
        "north": 0.02478571605712281,
        "day": 0.02436868370108857
    },
    "oppositions": {
        "women": 0.036358272039974535,
        "john": 0.022030893129179566,
        "president": 0.020594948974982732,
        "comments": 0.01972357734097795,
        "says": 0.019477011649373367,
        "kelly": 0.018423889111797834,
        "central": 0.018399155999012755,
        "kamala": 0.017996929582695685,
        "backing": 0.01766113463911,
        "cuban": 0.01744562324974841
    },
    "nt": {
        "musk": 0.02757503757257229,
        "djt": 0.021969970290957933,
        "media": 0.021557532274370354,
        "supporters": 0.019498151120000144,
        "elon": 0.0194799676580037,
        "garbage": 0.018651081823716487,
        "shares": 0.01836705833782737,
        "rogan": 0.017476201191761884,
        "rally": 0.016559337797160022,
        "social": 0.01599134582783296
    },
    "wellbeing": {
        "media": 0.07635727594294935,
        "net": 0.07219800396679042,
        "worth": 0.06995507140795973,
        "cyber": 0.06444116634088776,
        "targets": 0.06334947029767139,
        "vance": 0.0625579326216966,
        "money": 0.06105793937250947,
        "china": 0.059518671775264424,
        "backed": 0.05603196126680578,
        "shares": 0.054215523946147336
    }
}