{
    "endorsements": {
        "musk": 0.046620959644388796,
        "elon": 0.04359909800218468,
        "vote": 0.04283772127607561,
        "endorses": 0.036379348416245176,
        "nfl": 0.032311174957586355,
        "rally": 0.028845332078484817,
        "endorsed": 0.026990623244008936,
        "post": 0.026188807752641312,
        "naomi": 0.026142950016187397,
        "wolf": 0.026142950016187397
    },
    "statements": {
        "garbage": 0.04293837418921287,
        "president": 0.03632212872669547,
        "biden": 0.028579732752384786,
        "campaign": 0.027436533147552462,
        "says": 0.02489203247573795,
        "kamala": 0.024589246583428752,
        "allies": 0.022901082099675805,
        "fraud": 0.0218447556397312,
        "news": 0.020827310020853113,
        "donald": 0.020437875397371276
    },
    "polls": {
        "polls": 0.06374876726574878,
        "harris": 0.05184746561692748,
        "poll": 0.04111525244494024,
        "race": 0.04033759337116606,
        "election": 0.03423094223736052,
        "leads": 0.033290585075778395,
        "pennsylvania": 0.030153612799915762,
        "swing": 0.029916671947707446,
        "latest": 0.029208407512874533,
        "state": 0.029027783049087978
    },
    "policy": {
        "immigration": 0.03953442134071906,
        "health": 0.03572643876778881,
        "u": 0.034298294415326426,
        "plan": 0.027892050079616662,
        "taiwan": 0.027838614443850506,
        "bitcoin": 0.02679482907584161,
        "tax": 0.02679482907584161,
        "economy": 0.025832018858992372,
        "mexico": 0.02506354278225015,
        "harris": 0.024538245703556748
    },
    "campaign": {
        "rally": 0.05106346553866445,
        "watch": 0.04309509495178251,
        "holds": 0.04195705969403327,
        "live": 0.037609676979709974,
        "president": 0.0346955904149627,
        "campaign": 0.029951885684006353,
        "donald": 0.026340081377730834,
        "day": 0.026336460910471645,
        "north": 0.02590405028703035,
        "carolina": 0.025520852236231767
    },
    "oppositions": {
        "women": 0.03762137937119555,
        "john": 0.022899970052032072,
        "president": 0.022213228825757977,
        "kelly": 0.021460518009090872,
        "comments": 0.021012969059426,
        "rally": 0.019174816709704227,
        "like": 0.01796585075225388,
        "kamala": 0.017583935775177705,
        "said": 0.017563102911983368,
        "puerto": 0.01717582172248227
    },
    "nt": {
        "musk": 0.02835088428971424,
        "rogan": 0.021165821592313967,
        "supporters": 0.02115125183576847,
        "garbage": 0.02059812222441954,
        "elon": 0.019884934673550098,
        "media": 0.01806085602275181,
        "joe": 0.016284312280677313,
        "shares": 0.015805707822825678,
        "rally": 0.01578713974281179,
        "puerto": 0.015289539997791816
    },
    "wellbeing": {
        "vance": 0.0715299518065174,
        "media": 0.06881819230230084,
        "net": 0.06822629764457813,
        "worth": 0.06610675172990317,
        "china": 0.0642371797353574,
        "backed": 0.057843407763665276,
        "phones": 0.051169723233433606,
        "used": 0.051169723233433606,
        "shares": 0.051100243655586096,
        "cyber": 0.048193179955792115
    }
}