{
    "endorsements": {
        "musk": 0.5053026789005065,
        "elon": 0.45909286686317685,
        "rally": 0.45825937270089534,
        "vote": 0.4379611394745209,
        "tariffs": 0.3822933307366155,
        "harris": 0.35283547679880545,
        "endorses": 0.3174829810380208,
        "voters": 0.31558156707710244,
        "joe": 0.3139897484587786,
        "rogan": 0.3139897484587786
    },
    "statements": {
        "garbage": 1.0617194503818796,
        "election": 0.8562076516207956,
        "biden": 0.8345651933971223,
        "harris": 0.8331001712014445,
        "kamala": 0.7830454642569546,
        "rally": 0.7588323843615321,
        "campaign": 0.7470200450836422,
        "news": 0.7239944795091162,
        "allies": 0.7153977950971959,
        "says": 0.7055253883980153
    },
    "polls": {
        "pennsylvania": 3.8436885833296284,
        "michigan": 3.507989694027463,
        "polls": 3.2839763955010643,
        "election": 2.9136907432887003,
        "race": 2.870052558645036,
        "president": 2.8652404723527005,
        "latest": 2.724725096315677,
        "leads": 2.7145415650458817,
        "state": 2.714373994147375,
        "swing": 2.7015566333188676
    },
    "policy": {
        "harris": 1.1594411258816546,
        "election": 0.7542081194135728,
        "president": 0.7469663000200388,
        "bitcoin": 0.7271458328318331,
        "u": 0.7207580114591216,
        "health": 0.6734333183508754,
        "stocks": 0.6403594990978201,
        "kamala": 0.6316571521289713,
        "tax": 0.6101413382812128,
        "immigration": 0.5941199811249519
    },
    "campaign": {
        "rally": 1.7884606254189346,
        "harris": 1.6774664315532302,
        "watch": 1.5187480623915528,
        "live": 1.4797886560414248,
        "holds": 1.4563021987467095,
        "campaign": 1.3055040573671493,
        "election": 1.2953310588166425,
        "north": 1.272869316048896,
        "pennsylvania": 1.235173183792237,
        "joe": 1.2189042525391947
    },
    "oppositions": {
        "harris": 1.9603358498970038,
        "women": 1.7400913341225595,
        "rally": 1.2715770562755169,
        "president": 1.2447068320122538,
        "kamala": 1.2150302074077084,
        "john": 1.1071856426651145,
        "comments": 1.0842785643486406,
        "says": 1.070723929229016,
        "puerto": 1.0613763840142016,
        "election": 1.0589505113982625
    },
    "nt": {
        "harris": 1.7641070307328202,
        "musk": 1.417365122920103,
        "president": 1.3684958514753178,
        "rally": 1.3493154586988862,
        "media": 1.2827472957186619,
        "donald": 1.2261206765854686,
        "supporters": 1.219026971493494,
        "rogan": 1.214260668185052,
        "garbage": 1.2121427996497784,
        "djt": 1.1565963546483693
    },
    "wellbeing": {
        "media": 0.49078618363392257,
        "attack": 0.4864775372638283,
        "targets": 0.47597287383990283,
        "cyber": 0.4619349641966983,
        "money": 0.4418273053134343,
        "owes": 0.4091400826218864,
        "vance": 0.4003387846404544,
        "net": 0.3875221975179643,
        "worth": 0.3875221975179643,
        "china": 0.3869139764087999
    }
}